INSERT INTO cabinets(id, nom_cabinet, identifiant_fiscal, activite_principale, forme_juridique, regime, numero_registre_commerce,  numero_cnss, numero_taxe_professionnelle, numero_ice, telephone, fax, email, rib, banque, agence, ville, code_postal, adresse) VALUES(1, 'ALLIANZ', '123456', 'activite_principale1', 'Personne Physique1', 'regime1', 'numero_registre_commerce1',  'numero_cnss1', 'numero_taxe_professionnelle1', 'numero_ice1', 'telephone1', 'fax1', 'email1', 'rib1', 'banque1', 'agence1', 'ville1', 'code_postal1', 'adresse1');
INSERT INTO cabinets(id, nom_cabinet, identifiant_fiscal, activite_principale, forme_juridique, regime, numero_registre_commerce,  numero_cnss, numero_taxe_professionnelle, numero_ice, telephone, fax, email, rib, banque, agence, ville, code_postal, adresse) VALUES(2, 'OLBATI', '123456', 'activite_principale2', 'Personne Physique2', 'regime2', 'numero_registre_commerce2',  'numero_cnss2', 'numero_taxe_professionnelle2', 'numero_ice2', 'telephone2', 'fax2', 'email2', 'rib2', 'banque2', 'agence2', 'ville2', 'code_postal2', 'adresse2');
INSERT INTO cabinets(id, nom_cabinet, identifiant_fiscal, activite_principale, forme_juridique, regime, numero_registre_commerce,  numero_cnss, numero_taxe_professionnelle, numero_ice, telephone, fax, email, rib, banque, agence, ville, code_postal, adresse) VALUES(3, 'JCDECAUX', '123456', 'activite_principale3', 'Personne Physique3', 'regime3', 'numero_registre_commerce3',  'numero_cnss3', 'numero_taxe_professionnelle3', 'numero_ice3', 'telephone3', 'fax3', 'email3', 'rib3', 'banque3', 'agence3', 'ville3', 'code_postal3', 'adresse3');
INSERT INTO cabinets(id, nom_cabinet, identifiant_fiscal, activite_principale, forme_juridique, regime, numero_registre_commerce,  numero_cnss, numero_taxe_professionnelle, numero_ice, telephone, fax, email, rib, banque, agence, ville, code_postal, adresse) VALUES(4, 'ATOME', '123456', 'activite_principale4', 'Personne Physique4', 'regime4', 'numero_registre_commerce4',  'numero_cnss4', 'numero_taxe_professionnelle4', 'numero_ice4', 'telephone4', 'fax4', 'email4', 'rib4', 'banque4', 'agence4', 'ville4', 'code_postal4', 'adresse4');

INSERT INTO comptables(id, prenom, nom, matricule, actived, cabinet_id) VALUES (1, 'Abderrahim', 'ALLOUM', 'ALLIANZ FR', true, 1);
INSERT INTO comptables(id, prenom, nom, matricule, actived, cabinet_id) VALUES (2, 'Sergio', 'RAMOUS', 'ALLIANZ FR', true, 2);
INSERT INTO comptables(id, prenom, nom, matricule, actived, cabinet_id) VALUES (3, 'Marko', 'ASSENSIO', 'ALLIANZ FR', true, 3);
INSERT INTO comptables(id, prenom, nom, matricule, actived, cabinet_id) VALUES (4, 'Karim', 'BENZEMA', 'ALLIANZ FR', true, 4);
INSERT INTO comptables(id, prenom, nom, matricule, actived, cabinet_id) VALUES (5, 'Luca', 'MODRIC', 'ALLIANZ FR', true, 4);
INSERT INTO comptables(id, prenom, nom, matricule, actived, cabinet_id) VALUES (6, 'Eden', 'HAZARD', 'ALLIANZ FR', true, 4);


INSERT INTO clients(denomination, identifiant_fiscal, activite_principale, forme_juridique, regime, numero_registre_commerce,  numero_cnss, numero_taxe_professionnelle, numero_ice, telephone, fax, email, rib, banque, agence, ville, code_postal, adresse, cabinet_id, comptable_id) VALUES('Abderrahim1', '123456', 'activite_principale1', 'Personne Physique1', 'regime1', 'numero_registre_commerce1',  'numero_cnss1', 'numero_taxe_professionnelle1', 'numero_ice1', 'telephone1', 'fax1', 'email1', 'rib1', 'banque1', 'agence1', 'ville1', 'code_postal1', 'adresse1', 1, 1);
INSERT INTO clients(denomination, identifiant_fiscal, activite_principale, forme_juridique, regime, numero_registre_commerce,  numero_cnss, numero_taxe_professionnelle, numero_ice, telephone, fax, email, rib, banque, agence, ville, code_postal, adresse, cabinet_id, comptable_id) VALUES('Abderrahim2', '123456', 'activite_principale2', 'Personne Physique2', 'regime2', 'numero_registre_commerce2',  'numero_cnss2', 'numero_taxe_professionnelle2', 'numero_ice2', 'telephone2', 'fax2', 'email2', 'rib2', 'banque2', 'agence2', 'ville2', 'code_postal2', 'adresse2', 2, 2);
INSERT INTO clients(denomination, identifiant_fiscal, activite_principale, forme_juridique, regime, numero_registre_commerce,  numero_cnss, numero_taxe_professionnelle, numero_ice, telephone, fax, email, rib, banque, agence, ville, code_postal, adresse, cabinet_id, comptable_id) VALUES('Abderrahim3', '123456', 'activite_principale3', 'Personne Physique3', 'regime3', 'numero_registre_commerce3',  'numero_cnss3', 'numero_taxe_professionnelle3', 'numero_ice3', 'telephone3', 'fax3', 'email3', 'rib3', 'banque3', 'agence3', 'ville3', 'code_postal3', 'adresse3', 3, 3);
INSERT INTO clients(denomination, identifiant_fiscal, activite_principale, forme_juridique, regime, numero_registre_commerce,  numero_cnss, numero_taxe_professionnelle, numero_ice, telephone, fax, email, rib, banque, agence, ville, code_postal, adresse, cabinet_id, comptable_id) VALUES('Abderrahim4', '123456', 'activite_principale4', 'Personne Physique4', 'regime4', 'numero_registre_commerce4',  'numero_cnss4', 'numero_taxe_professionnelle4', 'numero_ice4', 'telephone4', 'fax4', 'email4', 'rib4', 'banque4', 'agence4', 'ville4', 'code_postal4', 'adresse4', 4, 4);
